0,0,0,0,0
0,0,0,0,0
9.8699,0,0,0,0
8.2249,26.32,421.11,3.29,0
6.5799,13.16,105.28,4.9349,0
3.29,11.515,315.84,0,0
13.16,3.29,105.28,8.2249,0
0,14.805,210.56,3.29,0
0,14.805,105.28,3.29,0
3.29,14.805,105.28,3.29,0
0,21.385,315.84,3.29,0
11.515,4.9349,0,13.16,0
9.8699,14.805,105.28,13.16,0
3.29,13.16,105.28,8.2249,0
4.9349,18.095,105.28,0,0
9.8699,9.8699,105.28,3.29,0
9.8699,0,0,3.29,1
3.29,9.8699,210.56,1.645,1
3.29,8.2249,105.28,1.645,1
0,11.515,210.56,0,1
9.8699,0,0,8.2249,1
4.9349,1.645,210.56,4.9349,1
1.645,16.45,210.56,3.29,1
6.5799,1.645,105.28,1.645,1
6.5799,21.385,421.11,0,1
9.8699,0,0,1.645,1
6.5799,1.645,210.56,4.9349,1
4.9349,6.5799,210.56,0,1
9.8699,21.385,210.56,4.9349,1
16.45,16.45,105.28,6.5799,1
13.16,14.805,105.28,8.2249,1
14.805,6.5799,105.28,9.8699,1
16.45,11.515,210.56,6.5799,1
19.74,13.16,315.84,14.805,1
18.095,23.03,315.84,16.45,1
13.16,21.385,315.84,9.8699,1
11.515,9.8699,210.56,13.16,1
8.2249,16.45,315.84,11.515,1
8.2249,14.805,105.28,9.8699,1
8.2249,6.5799,105.28,13.16,1
8.2249,3.29,105.28,9.8699,1
4.9349,0,105.28,9.8699,1
6.5799,24.675,315.84,11.515,1
13.16,9.8699,0,6.5799,1
8.2249,31.255,315.84,9.8699,1
13.16,6.5799,0,11.515,1
11.515,18.095,421.11,11.515,1
14.805,9.8699,105.28,16.45,1
13.16,11.515,105.28,16.45,1
11.515,9.8699,0,8.2249,1
6.5799,16.45,0,8.2249,1
9.8699,11.515,0,4.9349,1
9.8699,23.03,105.28,4.9349,1
13.16,8.2249,0,19.74,1
13.16,1.645,210.56,19.74,1
4.9349,24.675,421.11,11.515,1
9.8699,4.9349,105.28,11.515,1
8.2249,21.385,526.39,11.515,1
6.5799,4.9349,105.28,14.805,1
6.5799,6.5799,315.84,11.515,1
8.2249,8.2249,210.56,6.5799,1
1.645,1.645,210.56,9.8699,1
0,13.16,421.11,6.5799,1
0,9.8699,210.56,8.2249,1
0,16.45,526.39,4.9349,1
6.5799,16.45,421.11,0,1
8.2249,6.5799,421.11,8.2249,1
3.29,14.805,421.11,3.29,1
11.515,0,210.56,4.9349,1
4.9349,11.515,526.39,3.29,1
8.2249,6.5799,210.56,3.29,1
9.8699,3.29,315.84,6.5799,1
6.5799,26.32,421.11,9.8699,1
13.16,16.45,210.56,11.515,1
11.515,14.805,421.11,13.16,1
9.8699,9.8699,421.11,6.5799,1
11.515,6.5799,315.84,1.645,1
16.45,8.2249,315.84,4.9349,1
13.16,18.095,421.11,3.29,1
16.45,18.095,421.11,1.645,1
848.81,838.94,791.24,843.87,1
843.87,837.29,896.51,840.58,1
845.52,827.43,738.6,843.87,1
843.87,824.14,738.6,855.39,1
842.23,838.94,949.15,853.74,1
842.23,843.87,791.24,857.03,1
842.23,832.36,738.6,857.03,1
845.52,832.36,896.51,861.97,1
845.52,842.23,896.51,857.03,1
850.45,832.36,685.96,860.32,1
848.81,847.16,1054.4,857.03,1
850.45,835.65,738.6,850.45,1
852.1,830.72,791.24,855.39,1
850.45,838.94,843.87,853.74,1
843.87,840.58,843.87,848.81,1
848.81,827.43,791.24,855.39,1
847.16,827.43,843.87,853.74,1
843.87,840.58,896.51,852.1,1
848.81,843.87,843.87,857.03,1
842.23,835.65,843.87,861.97,1
847.16,842.23,949.15,858.68,1
853.74,825.78,633.32,857.03,1
843.87,840.58,896.51,850.45,1
845.52,843.87,896.51,843.87,1
845.52,840.58,843.87,847.16,1
843.87,827.43,738.6,845.52,1
845.52,842.23,1054.4,845.52,1
843.87,843.87,896.51,847.16,1
842.23,837.29,896.51,848.81,1
845.52,829.07,843.87,850.45,1
843.87,824.14,843.87,848.81,1
845.52,829.07,949.15,850.45,1
842.23,840.58,1001.8,850.45,1
847.16,837.29,896.51,847.16,1
845.52,834.01,896.51,845.52,1
843.87,837.29,896.51,845.52,1
850.45,843.87,1001.8,850.45,1
845.52,827.43,791.24,852.1,1
845.52,834.01,896.51,855.39,1
847.16,827.43,685.96,853.74,1
847.16,829.07,896.51,855.39,1
845.52,845.52,896.51,853.74,1
852.1,830.72,791.24,857.03,1
850.45,832.36,791.24,858.68,1
852.1,834.01,685.96,865.26,1
850.45,835.65,896.51,853.74,1
850.45,829.07,791.24,850.45,1
850.45,845.52,1001.8,850.45,1
852.1,822.49,475.4,850.45,1
850.45,829.07,791.24,858.68,1
838.94,840.58,685.96,852.1,1
845.52,810.98,370.12,853.74,1
842.23,845.52,1107.1,852.1,1
842.23,848.81,896.51,850.45,1
842.23,832.36,791.24,848.81,1
842.23,840.58,1001.8,845.52,1
845.52,832.36,685.96,853.74,1
855.39,827.43,685.96,850.45,1
850.45,861.97,1107.1,850.45,1
853.74,840.58,580.68,855.39,1
850.45,840.58,685.96,855.39,1
858.68,843.87,791.24,863.61,1
853.74,840.58,791.24,858.68,1
852.1,834.01,791.24,860.32,1
848.81,838.94,896.51,857.03,1
850.45,829.07,475.4,857.03,1
848.81,837.29,475.4,852.1,1
847.16,837.29,475.4,852.1,1
847.16,819.2,475.4,855.39,1
845.52,832.36,685.96,855.39,1
852.1,830.72,475.4,855.39,1
848.81,843.87,685.96,848.81,1
850.45,829.07,475.4,853.74,1
848.81,829.07,685.96,855.39,1
843.87,843.87,896.51,853.74,1
852.1,824.14,475.4,857.03,1
845.52,842.23,896.51,853.74,1
843.87,834.01,685.96,847.16,1
845.52,817.56,685.96,850.45,1
843.87,832.36,896.51,855.39,1
843.87,834.01,896.51,850.45,1
847.16,832.36,791.24,850.45,1
843.87,835.65,791.24,850.45,1
845.52,830.72,791.24,847.16,1
842.23,835.65,896.51,852.1,1
847.16,832.36,791.24,855.39,1
860.32,848.81,896.51,866.9,1
868.55,835.65,580.68,870.19,1
847.16,834.01,896.51,857.03,1
834.01,830.72,896.51,845.52,1
832.36,827.43,896.51,847.16,1
834.01,824.14,896.51,850.45,1
843.87,820.85,896.51,860.32,1
840.58,822.49,1001.8,860.32,1
837.29,810.98,896.51,853.74,1
843.87,829.07,1001.8,861.97,1
850.45,819.2,685.96,866.9,1
847.16,819.2,738.6,866.9,1
848.81,817.56,738.6,865.26,1
845.52,825.78,843.87,866.9,1
848.81,832.36,843.87,865.26,1
843.87,830.72,791.24,868.55,1
845.52,825.78,791.24,868.55,1
852.1,834.01,843.87,865.26,1
857.03,822.49,685.96,866.9,1
857.03,830.72,843.87,860.32,1
853.74,827.43,843.87,861.97,1
845.52,827.43,843.87,865.26,1
847.16,830.72,896.51,861.97,1
850.45,822.49,791.24,863.61,1
858.68,815.91,685.96,870.19,1
857.03,824.14,896.51,870.19,1
853.74,827.43,791.24,866.9,1
855.39,843.87,896.51,868.55,1
860.32,827.43,685.96,866.9,1
853.74,825.78,791.24,861.97,1
850.45,834.01,791.24,857.03,1
852.1,825.78,791.24,861.97,1
853.74,822.49,791.24,861.97,1
855.39,827.43,791.24,863.61,1
855.39,810.98,580.68,863.61,1
853.74,827.43,896.51,866.9,1
860.32,838.94,896.51,865.26,1
865.26,832.36,791.24,861.97,1
852.1,842.23,1001.8,858.68,1
853.74,822.49,685.96,855.39,1
853.74,825.78,896.51,858.68,1
850.45,827.43,896.51,857.03,1
855.39,837.29,1001.8,858.68,1
852.1,824.14,708.99,857.03,1
853.74,830.72,814.27,858.68,1
853.74,837.29,814.27,861.97,1
855.39,834.01,708.99,860.32,1
852.1,838.94,814.27,857.03,1
852.1,832.36,708.99,863.61,1
853.74,810.98,603.71,858.68,1
847.16,834.01,1024.8,861.97,1
850.45,830.72,708.99,860.32,1
842.23,832.36,814.27,857.03,1
842.23,838.94,814.27,848.81,1
838.94,822.49,603.71,845.52,1
834.01,832.36,814.27,848.81,1
838.94,837.29,814.27,852.1,1
843.87,830.72,708.99,847.16,1
845.52,825.78,708.99,848.81,1
847.16,825.78,708.99,852.1,1
845.52,829.07,919.54,852.1,1
852.1,827.43,919.54,860.32,1
858.68,838.94,1235.4,865.26,1
861.97,827.43,814.27,861.97,1
850.45,819.2,814.27,858.68,1
843.87,835.65,1024.8,843.87,1
850.45,824.14,814.27,858.68,1
863.61,829.07,919.54,871.84,1
866.9,830.72,919.54,873.48,1
865.26,843.87,1024.8,871.84,1
861.97,825.78,708.99,861.97,0
861.97,819.2,708.99,866.9,0
860.32,838.94,1130.1,865.26,0
860.32,835.65,919.54,865.26,0
855.39,835.65,1024.8,863.61,0
853.74,847.16,1024.8,865.26,0
857.03,812.62,498.43,861.97,0
850.45,822.49,814.27,868.55,0
857.03,837.29,814.27,863.61,0
855.39,834.01,814.27,857.03,0
852.1,832.36,708.99,858.68,0
853.74,835.65,814.27,853.74,0
855.39,817.56,708.99,860.32,0
852.1,834.01,919.54,860.32,0
852.1,829.07,814.27,857.03,0
850.45,838.94,919.54,857.03,0
852.1,825.78,708.99,858.68,0
857.03,827.43,919.54,861.97,0
852.1,830.72,814.27,858.68,0
847.16,835.65,1024.8,860.32,0
850.45,829.07,814.27,863.61,0
853.74,824.14,814.27,863.61,0
858.68,824.14,919.54,853.74,0
855.39,837.29,1130.1,852.1,0
860.32,832.36,1024.8,852.1,0
857.03,834.01,1130.1,853.74,0
860.32,830.72,919.54,861.97,0
857.03,825.78,1024.8,861.97,0
845.52,832.36,1130.1,861.97,0
853.74,820.85,919.54,860.32,0
853.74,840.58,1235.4,858.68,0
855.39,825.78,814.27,858.68,0
855.39,829.07,919.54,860.32,0
850.45,814.27,708.99,858.68,0
848.81,824.14,814.27,857.03,0
855.39,835.65,814.27,855.39,0
850.45,835.65,919.54,860.32,0
848.81,845.52,1024.8,857.03,0
852.1,847.16,1024.8,847.16,0
857.03,842.23,814.27,857.03,0
852.1,840.58,866.9,853.74,0
852.1,843.87,866.9,857.03,0
853.74,834.01,708.99,861.97,0
852.1,840.58,919.54,857.03,0
855.39,838.94,761.63,855.39,0
857.03,820.85,656.35,861.97,0
848.81,838.94,1024.8,848.81,0
857.03,835.65,708.99,855.39,0
852.1,835.65,919.54,852.1,0
857.03,840.58,866.9,852.1,0
866.9,832.36,761.63,861.97,0
865.26,835.65,866.9,863.61,0
840.58,832.36,761.63,843.87,0
820.85,837.29,814.27,830.72,0
814.27,829.07,814.27,829.07,0
801.11,834.01,919.54,814.27,0
791.24,832.36,919.54,799.46,0
784.66,825.78,919.54,792.88,0
766.56,830.72,1024.8,783.01,0
766.56,819.2,814.27,781.37,0
769.85,819.2,919.54,787.95,0
764.92,829.07,1024.8,781.37,0
774.79,830.72,919.54,789.59,0
787.95,842.23,919.54,806.04,0
794.53,825.78,708.99,812.62,0
797.82,837.29,919.54,820.85,0
809.33,835.65,919.54,820.85,0
817.56,838.94,919.54,825.78,0
820.85,835.65,708.99,835.65,0
820.85,834.01,814.27,834.01,0
825.78,835.65,814.27,840.58,0
827.43,840.58,814.27,843.87,0
830.72,825.78,814.27,840.58,0
829.07,825.78,814.27,835.65,0
835.65,815.91,603.71,843.87,0
835.65,837.29,1024.8,847.16,0
838.94,834.01,814.27,840.58,0
842.23,830.72,814.27,852.1,0
837.29,843.87,1024.8,850.45,0
840.58,820.85,814.27,850.45,0
840.58,842.23,1024.8,853.74,0
840.58,832.36,814.27,847.16,0
842.23,824.14,814.27,852.1,0
843.87,834.01,1024.8,852.1,0
843.87,824.14,814.27,858.68,0
843.87,835.65,1024.8,858.68,0
845.52,825.78,603.71,857.03,0
840.58,824.14,603.71,861.97,0
843.87,820.85,603.71,858.68,0
838.94,834.01,708.99,855.39,0
845.52,835.65,603.71,860.32,0
845.52,840.58,708.99,857.03,0
842.23,825.78,498.43,858.68,0
847.16,812.62,498.43,861.97,0
837.29,834.01,919.54,855.39,0
834.01,840.58,919.54,853.74,0
837.29,830.72,814.27,853.74,0
837.29,843.87,919.54,853.74,0
838.94,822.49,603.71,847.16,0
837.29,825.78,814.27,852.1,0
835.65,832.36,919.54,848.81,0
835.65,817.56,708.99,848.81,0
840.58,832.36,922.83,852.1,0
838.94,830.72,764.92,848.81,0
838.94,829.07,870.19,853.74,0
837.29,835.65,922.83,855.39,0
837.29,825.78,817.56,853.74,0
840.58,822.49,817.56,853.74,0
842.23,834.01,922.83,855.39,0
837.29,830.72,870.19,852.1,0
842.23,817.56,764.92,853.74,0
840.58,832.36,1080.8,847.16,0
843.87,815.91,607,847.16,0
847.16,830.72,817.56,848.81,0
858.68,843.87,870.19,865.26,0
843.87,835.65,764.92,855.39,0
825.78,817.56,712.28,837.29,0
827.43,830.72,817.56,835.65,0
814.27,824.14,817.56,825.78,0
820.85,824.14,922.83,835.65,0
819.2,819.2,922.83,837.29,0
812.62,824.14,922.83,834.01,0
814.27,822.49,922.83,837.29,0
820.85,817.56,922.83,837.29,0
820.85,830.72,1028.1,838.94,0
824.14,824.14,817.56,835.65,0
827.43,817.56,817.56,840.58,0
825.78,837.29,1133.4,848.81,0
829.07,830.72,1028.1,845.52,0
827.43,819.2,922.83,847.16,0
834.01,824.14,922.83,848.81,0
838.94,819.2,817.56,852.1,0
843.87,825.78,817.56,860.32,0
838.94,840.58,1028.1,860.32,0
837.29,829.07,712.28,852.1,0
835.65,817.56,712.28,855.39,0
830.72,820.85,817.56,848.81,0
838.94,829.07,712.28,850.45,0
843.87,832.36,712.28,852.1,0
840.58,837.29,817.56,847.16,0
848.81,815.91,501.72,850.45,0
848.81,829.07,922.83,850.45,0
848.81,834.01,817.56,852.1,0
847.16,832.36,712.28,857.03,0
842.23,843.87,1028.1,850.45,0
845.52,822.49,712.28,853.74,0
847.16,825.78,922.83,858.68,0
848.81,822.49,817.56,855.39,0
848.81,842.23,922.83,855.39,0
847.16,832.36,712.28,857.03,0
842.23,824.14,817.56,850.45,0
842.23,829.07,922.83,853.74,0
843.87,830.72,922.83,857.03,0
848.81,825.78,922.83,858.68,0
850.45,829.07,922.83,860.32,0
850.45,825.78,922.83,857.03,0
850.45,820.85,817.56,860.32,0
847.16,832.36,1028.1,858.68,0
850.45,825.78,712.28,860.32,0
853.74,824.14,817.56,863.61,0
847.16,838.94,1028.1,850.45,0
850.45,825.78,607,845.52,0
838.94,830.72,922.83,848.81,0
843.87,835.65,712.28,850.45,0
845.52,838.94,817.56,857.03,0
838.94,843.87,817.56,857.03,0
845.52,825.78,607,853.74,0
843.87,822.49,870.19,857.03,0
842.23,827.43,817.56,855.39,0
845.52,835.65,817.56,853.74,0
842.23,840.58,922.83,847.16,0
843.87,825.78,712.28,852.1,0
850.45,837.29,975.47,853.74,0
855.39,820.85,607,855.39,0
845.52,819.2,764.92,852.1,0
837.29,832.36,817.56,845.52,0
843.87,825.78,817.56,850.45,0
838.94,827.43,817.56,847.16,0
847.16,829.07,817.56,853.74,0
838.94,838.94,975.47,845.52,0
845.52,845.52,922.83,847.16,0
847.16,838.94,922.83,852.1,0
840.58,835.65,764.92,852.1,0
848.81,825.78,659.64,848.81,0
840.58,829.07,975.47,852.1,0
847.16,827.43,764.92,855.39,0
847.16,832.36,764.92,848.81,0
842.23,825.78,764.92,852.1,0
843.87,817.56,554.36,852.1,0
837.29,843.87,975.47,847.16,0
842.23,820.85,659.64,853.74,0
842.23,815.91,659.64,853.74,0
843.87,827.43,659.64,853.74,0
853.74,822.49,554.36,857.03,0
845.52,853.74,1080.8,852.1,0
848.81,830.72,659.64,848.81,0
850.45,847.16,975.47,852.1,0
850.45,829.07,659.64,858.68,0
847.16,829.07,764.92,860.32,0
840.58,837.29,870.19,853.74,0
845.52,824.14,659.64,855.39,0
848.81,817.56,554.36,857.03,1
842.23,827.43,449.08,855.39,1
837.29,837.29,554.36,858.68,1
837.29,837.29,449.08,853.74,1
835.65,848.81,554.36,850.45,1
843.87,832.36,343.8,855.39,1
842.23,830.72,659.64,850.45,1
838.94,830.72,659.64,852.1,1
847.16,842.23,659.64,855.39,1
850.45,838.94,659.64,847.16,1
853.74,825.78,554.36,842.23,1
847.16,824.14,764.92,843.87,1
842.23,832.36,764.92,847.16,1
840.58,830.72,659.64,852.1,1
832.36,825.78,975.47,853.74,1
838.94,827.43,975.47,857.03,1
837.29,835.65,975.47,853.74,1
837.29,840.58,975.47,852.1,1
834.01,827.43,764.92,848.81,1
837.29,817.56,870.19,852.1,1
845.52,806.04,764.92,858.68,1
843.87,817.56,1080.8,863.61,1
845.52,834.01,870.19,861.97,1
845.52,835.65,870.19,852.1,1
838.94,842.23,975.47,855.39,1
850.45,829.07,659.64,857.03,1
850.45,830.72,870.19,858.68,1
845.52,832.36,870.19,858.68,1
850.45,830.72,870.19,853.74,1
852.1,829.07,870.19,855.39,1
853.74,829.07,830.72,858.68,1
855.39,820.85,778.08,860.32,1
855.39,835.65,883.35,857.03,1
853.74,830.72,830.72,863.61,1
858.68,829.07,830.72,865.26,1
861.97,829.07,830.72,868.55,1
861.97,840.58,1041.3,873.48,1
861.97,825.78,672.8,866.9,1
857.03,840.58,1093.9,866.9,1
855.39,825.78,725.44,866.9,1
857.03,819.2,830.72,863.61,1
857.03,822.49,830.72,865.26,1
853.74,832.36,935.99,868.55,1
855.39,832.36,830.72,860.32,1
852.1,824.14,830.72,860.32,1
852.1,830.72,883.35,863.61,1
853.74,834.01,883.35,858.68,1
850.45,835.65,1093.9,860.32,1
848.81,845.52,1093.9,855.39,1
853.74,820.85,462.24,855.39,1
857.03,815.91,672.8,863.61,1
853.74,835.65,672.8,857.03,1
857.03,822.49,462.24,853.74,1
853.74,834.01,883.35,855.39,1
847.16,845.52,883.35,843.87,1
845.52,830.72,883.35,850.45,1
845.52,842.23,1093.9,845.52,1
848.81,830.72,672.8,845.52,1
852.1,810.98,672.8,857.03,1
848.81,822.49,883.35,858.68,1
845.52,838.94,1093.9,852.1,1
848.81,834.01,883.35,850.45,1
855.39,817.56,672.8,855.39,1
850.45,819.2,883.35,858.68,1
847.16,840.58,778.08,855.39,1
857.03,838.94,672.8,855.39,1
853.74,840.58,672.8,848.81,1
850.45,820.85,462.24,850.45,1
847.16,822.49,778.08,852.1,1
837.29,843.87,988.63,850.45,1
842.23,840.58,672.8,847.16,1
847.16,835.65,672.8,852.1,1
850.45,822.49,567.52,853.74,1
853.74,815.91,567.52,858.68,1
843.87,832.36,988.63,857.03,1
842.23,832.36,988.63,852.1,1
843.87,824.14,778.08,853.74,1
842.23,829.07,778.08,857.03,1
840.58,835.65,988.63,852.1,1
834.01,832.36,778.08,850.45,1
835.65,819.2,672.8,850.45,1
835.65,815.91,567.52,843.87,1
838.94,825.78,778.08,850.45,1
837.29,835.65,672.8,842.23,1
835.65,830.72,672.8,845.52,1
838.94,824.14,567.52,848.81,1
840.58,804.4,462.24,853.74,1
834.01,834.01,988.63,843.87,1
837.29,832.36,778.08,843.87,1
837.29,825.78,778.08,845.52,1
835.65,845.52,988.63,843.87,1
838.94,825.78,672.8,847.16,1
837.29,847.16,988.63,842.23,1
842.23,820.85,462.24,857.03,1
840.58,822.49,883.35,847.16,1
838.94,825.78,1093.9,845.52,1
842.23,822.49,1093.9,853.74,1
837.29,848.81,1093.9,840.58,1
842.23,820.85,672.8,847.16,1
838.94,843.87,1093.9,848.81,1
850.45,827.43,672.8,848.81,1
847.16,830.72,1093.9,852.1,1
843.87,845.52,1093.9,858.68,1
847.16,825.78,672.8,855.39,1
842.23,850.45,1304.5,850.45,1
842.23,825.78,672.8,845.52,1
845.52,819.2,672.8,852.1,1
842.23,842.23,883.35,853.74,1
838.94,835.65,883.35,842.23,1
852.1,825.78,672.8,852.1,1
850.45,837.29,883.35,853.74,1
853.74,807.69,462.24,857.03,1
850.45,819.2,883.35,865.26,1
845.52,830.72,883.35,858.68,1
847.16,834.01,883.35,850.45,1
852.1,830.72,778.08,858.68,1
848.81,830.72,778.08,858.68,1
845.52,840.58,988.63,855.39,1
842.23,837.29,988.63,852.1,1
842.23,843.87,1093.9,852.1,1
840.58,842.23,988.63,848.81,1
847.16,822.49,672.8,857.03,1
842.23,838.94,1199.2,860.32,1
842.23,834.01,988.63,853.74,1
850.45,827.43,883.35,858.68,1
845.52,830.72,883.35,858.68,1
848.81,837.29,988.63,855.39,1
855.39,825.78,988.63,858.68,1
855.39,832.36,1199.2,860.32,1
855.39,832.36,1199.2,858.68,1
848.81,834.01,1199.2,853.74,1
845.52,825.78,988.63,850.45,1
847.16,827.43,1199.2,847.16,1
847.16,817.56,988.63,847.16,1
852.1,819.2,988.63,855.39,1
843.87,845.52,1199.2,850.45,1
848.81,819.2,567.52,853.74,1
842.23,852.1,1199.2,850.45,1
847.16,829.07,567.52,850.45,1
848.81,829.07,778.08,852.1,1
842.23,825.78,778.08,850.45,1
842.23,830.72,778.08,848.81,1
842.23,820.85,567.52,852.1,1
840.58,820.85,883.35,850.45,1
840.58,832.36,883.35,848.81,1
838.94,830.72,778.08,850.45,1
842.23,834.01,778.08,850.45,1
848.81,835.65,778.08,853.74,1
855.39,807.69,567.52,861.97,1
858.68,817.56,778.08,861.97,1
847.16,829.07,883.35,863.61,1
843.87,842.23,988.63,852.1,1
845.52,829.07,778.08,848.81,1
837.29,837.29,988.63,842.23,1
843.87,819.2,567.52,843.87,1
838.94,827.43,988.63,843.87,1
834.01,838.94,988.63,840.58,1
837.29,834.01,988.63,845.52,1
842.23,838.94,988.63,840.58,1
853.74,812.62,421.11,853.74,1
848.81,834.01,1158.1,852.1,1
853.74,825.78,631.67,852.1,1
847.16,822.49,736.95,852.1,1
847.16,810.98,631.67,853.74,1
847.16,825.78,947.51,858.68,1
848.81,834.01,947.51,865.26,1
850.45,835.65,947.51,863.61,1
848.81,850.45,947.51,852.1,1
857.03,817.56,526.39,853.74,1
852.1,829.07,842.23,853.74,1
847.16,838.94,947.51,853.74,1
848.81,829.07,631.67,858.68,1
853.74,829.07,736.95,861.97,1
853.74,825.78,736.95,858.68,1
848.81,837.29,947.51,858.68,1
852.1,830.72,736.95,860.32,1
843.87,842.23,1158.1,855.39,1
858.68,834.01,947.51,865.26,1
863.61,827.43,1368.6,866.9,1
850.45,845.52,1368.6,861.97,1
853.74,829.07,1158.1,860.32,1
852.1,829.07,1158.1,857.03,1
853.74,827.43,1158.1,866.9,1
850.45,843.87,1368.6,861.97,1
855.39,824.14,947.51,866.9,1
847.16,848.81,1368.6,865.26,1
858.68,824.14,736.95,861.97,1
857.03,829.07,947.51,863.61,1
850.45,843.87,947.51,865.26,1
855.39,838.94,947.51,863.61,1
858.68,824.14,947.51,865.26,1
853.74,827.43,947.51,863.61,1
848.81,834.01,947.51,860.32,1
853.74,829.07,736.95,858.68,1
853.74,848.81,1158.1,855.39,1
863.61,838.94,736.95,858.68,1
865.26,820.85,736.95,860.32,1
848.81,845.52,1158.1,858.68,1
850.45,825.78,736.95,861.97,1
847.16,829.07,947.51,863.61,1
850.45,814.27,736.95,865.26,1
843.87,850.45,1368.6,860.32,1
843.87,847.16,1158.1,857.03,1
847.16,829.07,947.51,857.03,1
852.1,825.78,947.51,861.97,1
852.1,810.98,947.51,863.61,1
847.16,830.72,1158.1,855.39,1
845.52,838.94,1158.1,858.68,1
850.45,832.36,947.51,861.97,1
847.16,827.43,947.51,860.32,1
848.81,827.43,1052.8,860.32,0
843.87,843.87,1263.3,852.1,0
843.87,829.07,947.51,852.1,0
852.1,835.65,1052.8,863.61,0
850.45,825.78,842.23,861.97,0
852.1,830.72,1052.8,861.97,0
853.74,832.36,1052.8,863.61,0
855.39,824.14,947.51,860.32,0
852.1,837.29,1158.1,860.32,0
848.81,830.72,1158.1,850.45,0
847.16,853.74,1263.3,850.45,0
850.45,825.78,736.95,852.1,0
852.1,820.85,736.95,858.68,0
848.81,827.43,947.51,860.32,0
847.16,819.2,947.51,857.03,0
842.23,840.58,1158.1,853.74,0
843.87,838.94,947.51,855.39,0
847.16,822.49,947.51,853.74,0
845.52,838.94,1158.1,853.74,0
853.74,812.62,947.51,853.74,0
842.23,824.14,1158.1,857.03,0
840.58,837.29,1158.1,853.74,0
845.52,824.14,947.51,853.74,0
843.87,834.01,1158.1,855.39,0
843.87,842.23,1158.1,850.45,0
848.81,819.2,736.95,860.32,0
842.23,847.16,1368.6,855.39,0
843.87,834.01,736.95,850.45,0
850.45,834.01,947.51,850.45,0
843.87,838.94,947.51,852.1,0
850.45,810.98,736.95,860.32,0
843.87,832.36,1158.1,845.52,0
850.45,814.27,736.95,850.45,0
843.87,834.01,1368.6,850.45,0
840.58,832.36,1158.1,850.45,0
852.1,817.56,1158.1,861.97,0
843.87,830.72,1158.1,848.81,0
852.1,815.91,947.51,857.03,0
848.81,837.29,1368.6,855.39,0
848.81,827.43,1158.1,857.03,0
850.45,819.2,1158.1,861.97,0
838.94,855.39,1368.6,857.03,0
857.03,825.78,736.95,861.97,0
855.39,832.36,947.51,865.26,0
855.39,817.56,736.95,865.26,0
848.81,814.27,736.95,860.32,0
843.87,819.2,526.39,858.68,0
842.23,834.01,526.39,855.39,0
843.87,829.07,315.84,850.45,0
835.65,848.81,736.95,842.23,0
837.29,847.16,526.39,843.87,0
845.52,824.14,315.84,847.16,0
847.16,825.78,315.84,852.1,0
842.23,824.14,315.84,852.1,0
827.43,847.16,736.95,843.87,0
834.01,842.23,526.39,843.87,0
847.16,825.78,526.39,860.32,0
847.16,840.58,736.95,860.32,0
845.52,834.01,526.39,855.39,0
837.29,840.58,947.51,845.52,0
840.58,837.29,736.95,845.52,0
845.52,812.62,526.39,852.1,0
845.52,832.36,947.51,855.39,0
847.16,843.87,947.51,860.32,0
848.81,829.07,526.39,860.32,0
845.52,837.29,736.95,860.32,0
852.1,832.36,526.39,861.97,0
850.45,824.14,526.39,858.68,0
847.16,847.16,947.51,852.1,0
853.74,827.43,526.39,855.39,0
850.45,847.16,947.51,858.68,0
853.74,838.94,526.39,857.03,0
852.1,822.49,526.39,858.68,0
850.45,830.72,736.95,860.32,0
852.1,838.94,736.95,858.68,0
855.39,827.43,526.39,860.32,0
857.03,835.65,526.39,863.61,0
858.68,815.91,315.84,865.26,0
852.1,817.56,630.03,868.55,0
847.16,838.94,1156.4,860.32,1
847.16,840.58,1051.1,853.74,1
843.87,832.36,945.86,857.03,1
845.52,830.72,945.86,855.39,1
842.23,847.16,1051.1,853.74,1
847.16,815.91,524.75,857.03,1
847.16,832.36,945.86,860.32,1
845.52,825.78,735.31,855.39,1
843.87,835.65,945.86,857.03,1
848.81,835.65,945.86,853.74,1
842.23,845.52,1051.1,852.1,1
850.45,815.91,419.47,861.97,1
843.87,835.65,945.86,860.32,1
845.52,847.16,945.86,853.74,1
845.52,834.01,735.31,857.03,1
842.23,825.78,735.31,857.03,1
845.52,832.36,735.31,861.97,1
835.65,837.29,840.58,852.1,1
845.52,838.94,735.31,857.03,1
847.16,838.94,735.31,857.03,1
845.52,832.36,630.03,852.1,1
850.45,825.78,630.03,857.03,1
842.23,848.81,1051.1,855.39,1
847.16,830.72,630.03,852.1,1
840.58,847.16,1051.1,858.68,1
848.81,832.36,630.03,850.45,1
855.39,830.72,840.58,857.03,1
853.74,832.36,840.58,858.68,1
848.81,827.43,945.86,857.03,1
848.81,824.14,840.58,858.68,1
850.45,830.72,840.58,858.68,1
855.39,842.23,945.86,861.97,1
866.9,845.52,945.86,870.19,1
855.39,834.01,945.86,865.26,1
835.65,848.81,1156.4,852.1,1
842.23,822.49,524.75,855.39,1
843.87,810.98,735.31,861.97,1
834.01,843.87,1156.4,853.74,1
842.23,815.91,524.75,858.68,1
837.29,817.56,735.31,855.39,1
835.65,837.29,945.86,850.45,1
847.16,829.07,735.31,855.39,1
845.52,832.36,945.86,855.39,1
842.23,845.52,945.86,850.45,1
852.1,815.91,524.75,855.39,1
842.23,827.43,945.86,858.68,1
837.29,838.94,945.86,858.68,1
837.29,829.07,735.31,855.39,1
840.58,820.85,945.86,858.68,1
842.23,827.43,945.86,857.03,1
842.23,837.29,945.86,855.39,1
848.81,825.78,735.31,861.97,1
848.81,835.65,945.86,863.61,1
852.1,817.56,524.75,863.61,1
850.45,815.91,735.31,866.9,1
842.23,843.87,945.86,858.68,1
850.45,817.56,524.75,863.61,1
842.23,834.01,945.86,858.68,1
845.52,824.14,524.75,857.03,1
843.87,834.01,945.86,860.32,1
842.23,838.94,945.86,853.74,1
853.74,807.69,524.75,863.61,1
848.81,835.65,1156.4,860.32,1
847.16,815.91,524.75,853.74,1
848.81,807.69,735.31,863.61,1
837.29,825.78,1156.4,857.03,1
838.94,837.29,1156.4,853.74,1
847.16,829.07,945.86,858.68,1
843.87,837.29,945.86,855.39,1
848.81,825.78,735.31,860.32,1
843.87,835.65,945.86,857.03,1
847.16,824.14,735.31,860.32,1
838.94,843.87,1156.4,853.74,1
842.23,817.56,524.75,853.74,1
843.87,817.56,735.31,857.03,1
840.58,842.23,945.86,853.74,1
840.58,837.29,735.31,853.74,1
842.23,825.78,735.31,855.39,1
838.94,848.81,1156.4,848.81,1
848.81,825.78,524.75,848.81,1
850.45,817.56,524.75,860.32,1
847.16,842.23,735.31,858.68,1
853.74,819.2,314.19,860.32,1
848.81,850.45,945.86,853.74,1
853.74,834.01,314.19,853.74,1
855.39,830.72,524.75,847.16,1
853.74,832.36,524.75,843.87,1
852.1,829.07,524.75,850.45,1
840.58,850.45,735.31,848.81,1
842.23,822.49,103.63,852.1,1
838.94,835.65,524.75,855.39,1
843.87,842.23,524.75,853.74,1
847.16,829.07,524.75,850.45,1
843.87,834.01,735.31,855.39,1
842.23,845.52,735.31,853.74,1
850.45,832.36,524.75,858.68,1
852.1,835.65,735.31,865.26,1
853.74,837.29,945.86,857.03,1
852.1,832.36,945.86,852.1,1
847.16,824.14,840.58,853.74,1
842.23,837.29,1051.1,858.68,1
845.52,814.27,524.75,858.68,1
847.16,817.56,840.58,865.26,1
838.94,857.03,1577.5,855.39,1
848.81,832.36,840.58,852.1,1
848.81,832.36,945.86,858.68,1
852.1,822.49,735.31,858.68,1
857.03,819.2,735.31,865.26,1
852.1,824.14,735.31,861.97,1
850.45,824.14,735.31,861.97,1
848.81,838.94,1051.1,860.32,1
852.1,843.87,1051.1,855.39,1
843.87,840.58,1051.1,850.45,1
845.52,843.87,945.86,847.16,1
852.1,824.14,630.03,852.1,1
848.81,832.36,840.58,861.97,1
855.39,830.72,840.58,863.61,1
847.16,827.43,1051.1,852.1,1
842.23,834.01,1051.1,853.74,1
848.81,837.29,1051.1,855.39,1
845.52,848.81,1156.4,857.03,1
853.74,827.43,735.31,863.61,1
848.81,848.81,1261.7,863.61,1
857.03,817.56,524.75,860.32,1
852.1,829.07,1051.1,855.39,1
853.74,835.65,840.58,857.03,1
855.39,814.27,735.31,857.03,1
848.81,855.39,1367,860.32,1
858.68,822.49,434.27,857.03,1
855.39,824.14,644.83,861.97,1
857.03,840.58,750.11,861.97,1
852.1,840.58,750.11,855.39,1
852.1,822.49,539.55,857.03,1
848.81,829.07,644.83,857.03,1
850.45,810.98,434.27,857.03,1
842.23,810.98,644.83,858.68,1
843.87,840.58,960.67,858.68,1
845.52,835.65,855.39,855.39,1
850.45,838.94,960.67,863.61,1
853.74,832.36,644.83,865.26,1
850.45,824.14,644.83,860.32,1
847.16,835.65,855.39,860.32,1
845.52,837.29,855.39,855.39,1
848.81,829.07,855.39,860.32,1
845.52,843.87,1065.9,858.68,1
857.03,806.04,644.83,881.71,1
863.61,814.27,1065.9,886.64,1
850.45,845.52,1065.9,860.32,1
850.45,817.56,644.83,857.03,1
845.52,834.01,1065.9,847.16,1
842.23,843.87,1065.9,848.81,1
852.1,827.43,855.39,860.32,1
853.74,835.65,1065.9,852.1,1
855.39,825.78,855.39,848.81,1
853.74,822.49,855.39,858.68,1
850.45,852.1,1065.9,848.81,1
857.03,829.07,855.39,857.03,1
848.81,863.61,1276.5,855.39,1
860.32,822.49,644.83,865.26,1
855.39,824.14,855.39,865.26,1
853.74,845.52,1065.9,857.03,1
858.68,827.43,855.39,853.74,1
858.68,829.07,1276.5,861.97,1
855.39,832.36,1276.5,861.97,1
855.39,842.23,1487.1,860.32,1
860.32,824.14,1276.5,861.97,1
865.26,832.36,1276.5,866.9,1
860.32,819.2,1065.9,868.55,1
860.32,812.62,1065.9,873.48,0
858.68,842.23,1487.1,871.84,0
855.39,838.94,1276.5,860.32,0
860.32,847.16,1276.5,863.61,0
861.97,824.14,855.39,870.19,0
857.03,829.07,1065.9,870.19,0
858.68,834.01,1065.9,863.61,0
855.39,838.94,1065.9,860.32,0
860.32,834.01,855.39,857.03,0
861.97,819.2,644.83,863.61,0
858.68,830.72,855.39,865.26,0
858.68,835.65,855.39,866.9,0
858.68,840.58,855.39,865.26,0
858.68,834.01,644.83,865.26,0
861.97,820.85,644.83,866.9,0
850.45,835.65,1065.9,863.61,0
852.1,830.72,855.39,860.32,0
853.74,830.72,855.39,863.61,0
848.81,847.16,855.39,861.97,0
857.03,827.43,644.83,863.61,0
850.45,848.81,1065.9,857.03,0
858.68,822.49,434.27,860.32,0
855.39,822.49,644.83,861.97,0
857.03,842.23,855.39,855.39,0
855.39,814.27,644.83,860.32,0
847.16,850.45,1487.1,853.74,0
858.68,820.85,855.39,855.39,0
852.1,824.14,1065.9,858.68,0
853.74,824.14,1065.9,863.61,0
850.45,838.94,1065.9,858.68,0
855.39,829.07,855.39,858.68,0
857.03,838.94,1065.9,866.9,0
857.03,822.49,855.39,863.61,0
857.03,825.78,1065.9,865.26,0
847.16,847.16,1065.9,855.39,0
857.03,829.07,644.83,855.39,0
852.1,852.1,1065.9,855.39,0
858.68,822.49,434.27,857.03,0
853.74,845.52,1065.9,860.32,0
847.16,838.94,644.83,838.94,0
845.52,830.72,855.39,845.52,0
837.29,847.16,855.39,837.29,0
834.01,824.14,644.83,835.65,0
837.29,840.58,1065.9,840.58,0
835.65,840.58,855.39,834.01,0
832.36,829.07,855.39,840.58,0
835.65,838.94,960.67,840.58,0
842.23,822.49,644.83,852.1,0
840.58,840.58,1065.9,855.39,0
840.58,838.94,960.67,852.1,0
847.16,827.43,960.67,858.68,0
843.87,845.52,1171.2,845.52,0
850.45,812.62,539.55,848.81,0
850.45,830.72,960.67,855.39,0
847.16,837.29,960.67,853.74,0
848.81,829.07,750.11,860.32,0
848.81,829.07,855.39,857.03,0
850.45,837.29,855.39,855.39,0
843.87,830.72,855.39,852.1,0
843.87,824.14,644.83,853.74,0
842.23,829.07,855.39,857.03,0
848.81,824.14,644.83,858.68,0
848.81,812.62,644.83,857.03,0
837.29,835.65,1276.5,850.45,0
835.65,845.52,1171.2,843.87,0
840.58,825.78,644.83,842.23,0
842.23,827.43,750.11,847.16,0
845.52,817.56,644.83,850.45,0
840.58,815.91,855.39,850.45,0
834.01,837.29,1065.9,843.87,0
842.23,834.01,750.11,842.23,0
845.52,819.2,539.55,850.45,0
843.87,810.98,644.83,857.03,0
838.94,829.07,855.39,857.03,0
838.94,850.45,960.67,858.68,0
843.87,835.65,539.55,853.74,0
840.58,843.87,855.39,847.16,0
843.87,835.65,539.55,853.74,0
842.23,824.14,644.83,848.81,0
845.52,845.52,855.39,852.1,0
850.45,815.91,434.27,853.74,0
848.81,825.78,855.39,853.74,0
843.87,838.94,960.67,852.1,0
842.23,840.58,855.39,850.45,0
843.87,840.58,855.39,853.74,0
848.81,832.36,750.11,853.74,0
848.81,819.2,644.83,857.03,0
842.23,837.29,1065.9,858.68,0
845.52,832.36,644.83,855.39,0
843.87,822.49,689.25,857.03,0
842.23,832.36,794.53,852.1,0
840.58,829.07,794.53,852.1,0
838.94,829.07,794.53,852.1,0
845.52,829.07,794.53,857.03,0
843.87,824.14,689.25,852.1,0
847.16,809.33,583.97,858.68,0
840.58,838.94,1215.6,852.1,0
842.23,832.36,689.25,857.03,0
847.16,819.2,689.25,863.61,0
843.87,842.23,1005.1,858.68,0
848.81,819.2,478.69,858.68,0
865.26,838.94,899.8,875.13,0
865.26,848.81,899.8,876.77,0
845.52,822.49,583.97,857.03,0
838.94,837.29,1005.1,850.45,0
840.58,832.36,794.53,838.94,0
855.39,810.98,794.53,855.39,0
855.39,838.94,1426.2,857.03,0
848.81,817.56,1005.1,857.03,0
837.29,830.72,1426.2,850.45,0
842.23,827.43,1005.1,852.1,0
848.81,812.62,1005.1,863.61,0
842.23,830.72,1215.6,860.32,1
843.87,809.33,794.53,865.26,1
843.87,825.78,1215.6,861.97,1
842.23,835.65,1215.6,857.03,1
842.23,824.14,1005.1,861.97,1
840.58,842.23,1215.6,853.74,1
845.52,814.27,794.53,863.61,1
845.52,819.2,1005.1,863.61,1
842.23,819.2,1005.1,857.03,1
845.52,832.36,1005.1,860.32,1
848.81,820.85,794.53,863.61,1
847.16,820.85,794.53,860.32,1
847.16,832.36,794.53,860.32,1
847.16,825.78,583.97,861.97,1
845.52,824.14,583.97,861.97,1
848.81,819.2,373.41,861.97,1
848.81,810.98,373.41,861.97,1
842.23,845.52,794.53,858.68,1
845.52,832.36,583.97,852.1,1
847.16,825.78,583.97,860.32,1
853.74,812.62,373.41,863.61,1
850.45,820.85,794.53,863.61,1
845.52,825.78,583.97,863.61,1
842.23,824.14,794.53,860.32,1
845.52,837.29,794.53,858.68,1
853.74,814.27,373.41,858.68,1
852.1,837.29,1005.1,860.32,1
848.81,838.94,1005.1,861.97,1
858.68,820.85,794.53,865.26,1
853.74,830.72,794.53,868.55,1
860.32,814.27,583.97,875.13,1
857.03,837.29,1005.1,863.61,1
855.39,835.65,794.53,863.61,1
861.97,824.14,794.53,868.55,1
853.74,835.65,1005.1,868.55,1
855.39,827.43,1005.1,868.55,1
858.68,840.58,1215.6,870.19,1
868.55,845.52,1215.6,871.84,1
870.19,810.98,583.97,876.77,1
842.23,824.14,1215.6,863.61,1
845.52,825.78,1005.1,852.1,1
838.94,817.56,1005.1,848.81,1
838.94,834.01,899.8,848.81,1
847.16,814.27,583.97,857.03,1
840.58,825.78,899.8,860.32,1
845.52,838.94,899.8,857.03,1
853.74,832.36,689.25,858.68,1
853.74,830.72,794.53,865.26,1
847.16,829.07,689.25,861.97,1
850.45,817.56,583.97,863.61,1
843.87,837.29,1110.4,865.26,1
847.16,829.07,689.25,858.68,1
847.16,835.65,899.8,857.03,1
840.58,845.52,899.8,860.32,1
847.16,835.65,899.8,858.68,1
848.81,852.1,1005.1,861.97,1
858.68,822.49,373.41,868.55,1
855.39,842.23,1110.4,865.26,1
853.74,827.43,899.8,865.26,1
850.45,825.78,1110.4,865.26,1
842.23,842.23,1320.9,861.97,1
847.16,820.85,899.8,858.68,1
845.52,834.01,1320.9,860.32,1
837.29,822.49,1110.4,853.74,1
837.29,820.85,1110.4,853.74,1
834.01,840.58,1320.9,855.39,1
837.29,815.91,899.8,852.1,1
837.29,838.94,1320.9,848.81,1
842.23,824.14,899.8,845.52,1
842.23,822.49,899.8,847.16,1
840.58,832.36,899.8,852.1,1
842.23,837.29,899.8,852.1,1
845.52,824.14,689.25,850.45,1
845.52,825.78,899.8,852.1,1
845.52,837.29,794.53,857.03,1
845.52,830.72,583.97,852.1,1
838.94,825.78,583.97,850.45,1
840.58,834.01,583.97,848.81,1
845.52,810.98,373.41,847.16,1
835.65,829.07,899.8,848.81,1
834.01,829.07,689.25,848.81,1
834.01,815.91,689.25,848.81,1
834.01,835.65,899.8,848.81,1
842.23,817.56,478.69,852.1,1
842.23,825.78,794.53,853.74,1
838.94,824.14,794.53,845.52,1
837.29,824.14,689.25,847.16,1
837.29,819.2,689.25,847.16,1
835.65,829.07,794.53,843.87,1
837.29,827.43,794.53,848.81,1
838.94,822.49,1005.1,847.16,1
838.94,830.72,1215.6,848.81,1
837.29,822.49,1215.6,852.1,1
835.65,829.07,1426.2,843.87,1
843.87,829.07,1215.6,848.81,1
845.52,830.72,1426.2,848.81,1
840.58,820.85,1005.1,850.45,1
838.94,815.91,1215.6,853.74,1
827.43,835.65,1426.2,845.52,1
832.36,822.49,1005.1,848.81,1
834.01,845.52,1426.2,848.81,1
838.94,820.85,1005.1,852.1,1
834.01,824.14,1215.6,857.03,1
842.23,814.27,794.53,853.74,1
843.87,809.33,794.53,853.74,1
840.58,815.91,794.53,852.1,1
835.65,824.14,1015,848.81,1
837.29,825.78,804.4,847.16,1
840.58,819.2,699.12,855.39,1
838.94,825.78,909.67,852.1,1
842.23,830.72,909.67,847.16,1
843.87,824.14,804.4,852.1,1
842.23,830.72,1015,847.16,1
840.58,842.23,1015,850.45,1
847.16,820.85,593.84,857.03,1
848.81,820.85,804.4,860.32,1
857.03,825.78,593.84,863.61,1
850.45,840.58,909.67,857.03,1
843.87,843.87,909.67,858.68,1
843.87,842.23,804.4,852.1,1
848.81,832.36,804.4,863.61,1
845.52,835.65,909.67,858.68,1
850.45,815.91,593.84,858.68,1
847.16,832.36,1015,860.32,1
847.16,820.85,593.84,853.74,1
845.52,824.14,804.4,853.74,1
840.58,845.52,1015,850.45,1
850.45,820.85,383.28,858.68,1
850.45,827.43,593.84,866.9,1
850.45,822.49,593.84,865.26,1
848.81,825.78,804.4,860.32,1
843.87,835.65,804.4,853.74,1
850.45,817.56,593.84,857.03,1
843.87,852.1,1225.5,858.68,1
848.81,822.49,383.28,861.97,1
848.81,824.14,804.4,863.61,1
843.87,834.01,804.4,858.68,1
843.87,838.94,804.4,855.39,1
842.23,834.01,804.4,855.39,1
848.81,827.43,909.67,855.39,1
847.16,830.72,1015,855.39,1
848.81,829.07,909.67,861.97,1
848.81,829.07,909.67,858.68,1
845.52,830.72,909.67,855.39,1
852.1,809.33,593.84,865.26,1
848.81,824.14,1015,860.32,1
848.81,842.23,1120.2,863.61,1
855.39,824.14,804.4,865.26,1
853.74,827.43,909.67,866.9,1
860.32,801.11,383.28,875.13,1
850.45,847.16,1330.8,868.55,1
858.68,837.29,804.4,878.42,1
860.32,834.01,909.67,880.06,1
860.32,832.36,593.84,866.9,1
850.45,819.2,488.56,866.9,1
847.16,835.65,1015,863.61,1
852.1,837.29,909.67,855.39,1
855.39,829.07,1015,866.9,1
857.03,834.01,1015,865.26,1
866.9,806.04,488.56,868.55,1
861.97,834.01,1225.5,871.84,1
863.61,834.01,804.4,870.19,1
861.97,817.56,699.12,868.55,1
857.03,829.07,909.67,866.9,1
852.1,837.29,1015,860.32,1
852.1,840.58,909.67,858.68,1
857.03,832.36,699.12,865.26,1
852.1,822.49,699.12,863.61,1
855.39,810.98,699.12,870.19,1
853.74,827.43,1015,860.32,1
845.52,838.94,1120.2,853.74,1
852.1,829.07,488.56,858.68,1
853.74,815.91,488.56,863.61,1
850.45,819.2,699.12,863.61,1
838.94,835.65,909.67,853.74,1
847.16,820.85,488.56,857.03,1
843.87,825.78,488.56,857.03,1
850.45,822.49,488.56,860.32,1
847.16,829.07,699.12,861.97,1
847.16,832.36,699.12,857.03,1
850.45,822.49,699.12,858.68,1
845.52,848.81,909.67,853.74,1
847.16,822.49,488.56,863.61,1
845.52,847.16,1120.2,861.97,1
852.1,830.72,699.12,857.03,1
852.1,810.98,699.12,866.9,1
852.1,835.65,1120.2,861.97,1
860.32,815.91,488.56,863.61,1
863.61,835.65,1120.2,860.32,1
866.9,837.29,699.12,857.03,1
863.61,825.78,699.12,861.97,1
853.74,829.07,909.67,863.61,1
852.1,810.98,699.12,870.19,1
842.23,842.23,1120.2,863.61,1
845.52,832.36,699.12,861.97,1
838.94,835.65,909.67,863.61,1
843.87,843.87,909.67,863.61,1
857.03,820.85,699.12,868.55,1
850.45,830.72,909.67,863.61,1
852.1,832.36,909.67,860.32,1
848.81,834.01,909.67,855.39,1
853.74,824.14,909.67,861.97,1
858.68,834.01,909.67,866.9,1
850.45,838.94,1120.2,863.61,1
852.1,834.01,1120.2,857.03,1
845.52,847.16,1330.8,853.74,1
850.45,829.07,699.12,857.03,1
857.03,817.56,699.12,861.97,1
847.16,847.16,1120.2,858.68,1
853.74,825.78,488.56,861.97,1
852.1,827.43,699.12,870.19,1
850.45,806.04,488.56,865.26,1
843.87,819.2,909.67,857.03,1
838.94,827.43,699.12,853.74,1
838.94,827.43,699.12,852.1,1
835.65,829.07,699.12,850.45,1
840.58,806.04,488.56,857.03,1
842.23,837.29,1120.2,853.74,1
838.94,835.65,909.67,852.1,1
842.23,820.85,699.12,853.74,1
842.23,820.85,699.12,853.74,1
843.87,825.78,909.67,855.39,1
838.94,817.56,593.84,850.45,1
835.65,820.85,699.12,852.1,1
842.23,825.78,699.12,852.1,1
843.87,810.98,488.56,845.52,1
845.52,843.87,1225.5,847.16,1
843.87,843.87,1015,840.58,1
847.16,822.49,699.12,845.52,1
855.39,825.78,593.84,853.74,1
855.39,825.78,699.12,860.32,1
848.81,837.29,909.67,853.74,1
843.87,835.65,909.67,843.87,1
847.16,834.01,909.67,848.81,1
850.45,815.91,593.84,850.45,1
843.87,829.07,857.03,848.81,1
838.94,834.01,857.03,847.16,1
840.58,825.78,751.76,843.87,1
838.94,829.07,751.76,843.87,1
842.23,817.56,541.2,848.81,1
842.23,810.98,541.2,850.45,1
834.01,837.29,962.31,853.74,1
838.94,824.14,646.48,853.74,1
834.01,824.14,751.76,855.39,1
838.94,814.27,435.92,858.68,1
838.94,834.01,962.31,857.03,1
847.16,827.43,541.2,857.03,1
848.81,809.33,541.2,858.68,1
847.16,829.07,962.31,860.32,1
848.81,810.98,751.76,865.26,1
848.81,834.01,962.31,860.32,1
852.1,830.72,751.76,861.97,1
850.45,832.36,1172.9,861.97,1
845.52,843.87,1172.9,857.03,1
843.87,837.29,1172.9,858.68,1
840.58,848.81,1172.9,850.45,1
847.16,815.91,541.2,855.39,1
845.52,820.85,962.31,860.32,1
845.52,830.72,962.31,860.32,1
838.94,847.16,1172.9,852.1,1
838.94,830.72,962.31,852.1,1
837.29,834.01,1172.9,857.03,1
835.65,845.52,1172.9,857.03,1
842.23,810.98,541.2,855.39,1
835.65,827.43,962.31,852.1,1
835.65,837.29,962.31,850.45,1
835.65,825.78,751.76,857.03,1
838.94,829.07,751.76,858.68,1
834.01,832.36,962.31,857.03,1
830.72,830.72,1172.9,850.45,1
838.94,815.91,962.31,852.1,1
832.36,834.01,1383.4,852.1,1
840.58,815.91,962.31,852.1,1
840.58,815.91,1172.9,860.32,1
834.01,850.45,1594,848.81,1
840.58,845.52,1172.9,850.45,1
840.58,829.07,962.31,848.81,1
842.23,829.07,962.31,850.45,1
843.87,819.2,962.31,857.03,1
842.23,825.78,1172.9,857.03,1
848.81,842.23,1172.9,860.32,1
848.81,834.01,751.76,857.03,1
843.87,824.14,751.76,848.81,1
845.52,830.72,962.31,852.1,1
840.58,837.29,1067.6,850.45,1
852.1,830.72,962.31,857.03,1
853.74,834.01,962.31,863.61,1
848.81,842.23,1067.6,855.39,1
848.81,834.01,857.03,853.74,1
848.81,832.36,962.31,855.39,1
850.45,830.72,857.03,858.68,1
847.16,815.91,751.76,860.32,1
842.23,838.94,1278.1,858.68,1
845.52,838.94,962.31,853.74,1
852.1,837.29,962.31,853.74,1
843.87,845.52,1067.6,852.1,1
848.81,820.85,646.48,857.03,1
845.52,829.07,857.03,858.68,1
843.87,829.07,857.03,855.39,1
847.16,837.29,857.03,858.68,1
843.87,829.07,646.48,853.74,1
838.94,834.01,646.48,853.74,1
840.58,840.58,646.48,852.1,1
845.52,830.72,646.48,853.74,1
843.87,845.52,857.03,860.32,1
843.87,829.07,435.92,861.97,1
850.45,817.56,435.92,858.68,1
838.94,847.16,857.03,855.39,1
850.45,825.78,435.92,857.03,1
850.45,845.52,857.03,857.03,1
848.81,834.01,435.92,853.74,1
848.81,832.36,646.48,852.1,1
843.87,835.65,646.48,855.39,1
848.81,812.62,646.48,857.03,1
842.23,832.36,857.03,861.97,1
845.52,815.91,646.48,863.61,1
845.52,830.72,962.31,857.03,1
847.16,834.01,751.76,857.03,1
853.74,819.2,646.48,858.68,1
845.52,827.43,751.76,853.74,1
848.81,814.27,541.2,860.32,1
843.87,819.2,751.76,853.74,1
843.87,838.94,962.31,853.74,1
847.16,827.43,646.48,852.1,1
843.87,838.94,962.31,852.1,1
847.16,822.49,541.2,857.03,1
843.87,820.85,646.48,855.39,1
840.58,829.07,857.03,850.45,1
840.58,819.2,751.76,852.1,1
845.52,819.2,751.76,855.39,1
852.1,822.49,751.76,853.74,1
850.45,825.78,857.03,855.39,1
850.45,834.01,909.67,853.74,1
850.45,832.36,1015,857.03,1
850.45,843.87,1015,866.9,1
858.68,812.62,383.28,873.48,1
848.81,827.43,1067.6,860.32,1
850.45,825.78,751.76,863.61,1
852.1,807.69,541.2,861.97,1
848.81,825.78,909.67,863.61,1
848.81,835.65,962.31,861.97,1
847.16,827.43,857.03,847.16,1
847.16,829.07,857.03,853.74,1
850.45,829.07,857.03,853.74,1
845.52,825.78,857.03,848.81,1
840.58,832.36,1067.6,847.16,1
842.23,843.87,1067.6,845.52,1
842.23,835.65,751.76,847.16,1
845.52,819.2,751.76,861.97,1
838.94,838.94,1172.9,875.13,1
840.58,837.29,962.31,848.81,1
843.87,825.78,962.31,840.58,1
840.58,835.65,962.31,850.45,1
845.52,817.56,751.76,842.23,1
845.52,817.56,962.31,855.39,1
835.65,850.45,1383.4,845.52,1
840.58,838.94,962.31,840.58,1
842.23,827.43,962.31,853.74,1
842.23,827.43,962.31,857.03,1
848.81,815.91,751.76,860.32,1
847.16,830.72,962.31,857.03,1
842.23,843.87,962.31,853.74,1
847.16,835.65,751.76,861.97,1
847.16,825.78,751.76,848.81,1
845.52,837.29,1051.1,852.1,1
848.81,837.29,840.58,857.03,1
850.45,825.78,840.58,860.32,1
853.74,832.36,840.58,858.68,1
852.1,812.62,630.03,858.68,1
852.1,827.43,1051.1,860.32,1
850.45,845.52,1051.1,853.74,1
848.81,827.43,840.58,855.39,1
845.52,847.16,1261.7,852.1,1
853.74,825.78,840.58,852.1,1
850.45,840.58,1051.1,853.74,1
861.97,827.43,630.03,850.45,1
865.26,815.91,630.03,858.68,1
852.1,835.65,840.58,858.68,1
850.45,817.56,419.47,855.39,1
838.94,847.16,1051.1,857.03,1
843.87,832.36,419.47,860.32,1
843.87,822.49,630.03,860.32,1
842.23,825.78,735.31,858.68,1
842.23,840.58,1051.1,852.1,1
843.87,827.43,735.31,850.45,0
847.16,837.29,945.86,858.68,0
850.45,822.49,630.03,861.97,0
847.16,819.2,840.58,858.68,0
843.87,837.29,1051.1,857.03,0
842.23,835.65,840.58,853.74,0
843.87,832.36,840.58,848.81,0
840.58,824.14,840.58,853.74,0
840.58,830.72,945.86,850.45,0
840.58,822.49,735.31,850.45,0
837.29,837.29,1051.1,852.1,0
838.94,853.74,1051.1,845.52,0
840.58,838.94,735.31,848.81,0
845.52,843.87,945.86,852.1,0
847.16,815.91,735.31,855.39,0
848.81,820.85,945.86,861.97,0
843.87,835.65,945.86,858.68,0
843.87,822.49,735.31,860.32,0
838.94,838.94,945.86,852.1,0
840.58,834.01,735.31,848.81,0
845.52,829.07,735.31,857.03,0
843.87,855.39,945.86,847.16,0
853.74,817.56,314.19,857.03,0
847.16,825.78,735.31,852.1,0
842.23,838.94,735.31,852.1,0
843.87,834.01,735.31,855.39,0
843.87,825.78,735.31,855.39,0
847.16,835.65,945.86,855.39,0
843.87,842.23,945.86,848.81,0
848.81,832.36,524.75,860.32,0
848.81,832.36,524.75,857.03,0
848.81,825.78,524.75,857.03,0
847.16,834.01,735.31,853.74,0
850.45,834.01,524.75,852.1,0
852.1,842.23,524.75,853.74,0
853.74,819.2,103.63,861.97,0
850.45,830.72,524.75,868.55,0
848.81,834.01,524.75,861.97,0
843.87,835.65,524.75,858.68,0
847.16,850.45,524.75,857.03,0
860.32,812.62,103.63,860.32,0
848.81,850.45,945.86,852.1,0
857.03,820.85,314.19,857.03,0
848.81,848.81,945.86,852.1,0
853.74,834.01,524.75,855.39,0
850.45,830.72,735.31,860.32,0
847.16,842.23,840.58,853.74,0
850.45,837.29,735.31,848.81,0
850.45,834.01,735.31,850.45,0
852.1,830.72,735.31,852.1,0
857.03,815.91,630.03,858.68,0
847.16,842.23,1156.4,853.74,0
845.52,842.23,945.86,850.45,0
848.81,817.56,840.58,852.1,0
837.29,840.58,1261.7,847.16,0
848.81,827.43,735.31,852.1,0
848.81,830.72,945.86,857.03,0
848.81,838.94,945.86,852.1,0
848.81,825.78,735.31,857.03,0
847.16,824.14,735.31,855.39,0
845.52,837.29,840.58,857.03,0
840.58,842.23,945.86,850.45,0
840.58,830.72,840.58,848.81,0
837.29,825.78,945.86,855.39,0
